Id,Name,Web url,Created at,Updated at,Read me url
362,Zeugmax,"",2017-04-01 23:42:37 UTC,2017-04-02 14:30:31 UTC,https://github.com
361,wolfstain,http://ironhacks-2017-html.herokuapp.com/gold/1/2017-Purdue-UNAL-IronHack-wolfstain/index.html,2017-04-01 23:41:55 UTC,2017-04-02 01:58:06 UTC,https://github.com
360,stevenbustos,http://ironhacks-2017-html.herokuapp.com/gold/1/2017-Purdue-UNAL-IronHack-stevenbustos/home.html,2017-04-01 23:41:36 UTC,2017-04-02 01:59:35 UTC,https://github.com
359,Semoralesga,http://ironhacks-2017-html.herokuapp.com/gold/1/2017-Purdue-UNAL-IronHack-Semoralesga/index.html,2017-04-01 23:41:02 UTC,2017-04-02 02:02:35 UTC,https://github.com
358,oeroaq,http://ironhacks-2017-html.herokuapp.com/gold/1/2017-Purdue-UNAL-IronHack-oeroaq/index.html,2017-04-01 23:40:39 UTC,2017-04-02 02:01:24 UTC,https://github.com
357,nabautistal,http://ironhacks-2017-html.herokuapp.com/gold/1/2017-Purdue-UNAL-IronHack-nabautistal/task_1.html,2017-04-01 23:40:21 UTC,2017-04-02 02:03:07 UTC,https://github.com
356,miaborjaac,http://ironhacks-2017-html.herokuapp.com/gold/1/2017-Purdue-UNAL-IronHack-miaborjaac/2017-Purdue-UNAL-IronHack-miaborjaac.html,2017-04-01 23:40:04 UTC,2017-04-02 02:03:31 UTC,https://github.com
354,lee1742,"",2017-04-01 23:37:41 UTC,2017-04-02 02:03:59 UTC,https://github.com
353,victorhcy222,http://ironhacks-2017-html.herokuapp.com/gold/1/2017-Purdue-IronHack-victorhcy222/V0.1.html,2017-04-01 23:35:43 UTC,2017-04-02 00:11:27 UTC,https://github.com
352,hac2017,http://ironhacks-2017-html.herokuapp.com/gold/1/2017-Purdue-IronHack-hac2017/home.html,2017-04-01 23:35:18 UTC,2017-04-02 00:16:59 UTC,https://github.com/goldironhack/2017-Purdue-IronHack-hac2017/blob/master/README.md
351,Lizasmare,"",2017-04-01 23:34:50 UTC,2017-04-02 02:04:25 UTC,https://github.com
350,oasis9217,http://ironhacks-2017-html.herokuapp.com/gold/1/2017-Purdue-IronHack-oasis9217/index.html,2017-04-01 23:34:31 UTC,2017-04-02 00:19:56 UTC,https://github.com
349,jain64,http://ironhacks-2017-html.herokuapp.com/gold/1/2017-Purdue-IronHack-jain64/Phase1.html,2017-04-01 23:34:14 UTC,2017-04-02 00:20:41 UTC,https://github.com
348,itsmehemant123,http://ironhacks-2017-html.herokuapp.com/gold/1/2017-Purdue-IronHack-itsmehemant123/public/index.html,2017-04-01 23:31:34 UTC,2017-04-02 00:21:44 UTC,https://github.com
347,fadelakin,http://ironhacks-2017-html.herokuapp.com/gold/1/2017-Purdue-IronHack-fadelakin/index.html,2017-04-01 23:31:00 UTC,2017-04-02 00:23:33 UTC,https://github.com
346,Seunghee93,http://ironhacks-2017-html.herokuapp.com/gold/1/2017-Purdue-IronHack-Seunghee93/main.html,2017-04-01 23:30:42 UTC,2017-04-02 00:24:43 UTC,https://github.com
345,punando,http://ironhacks-2017-html.herokuapp.com/gold/1/2017-Purdue-IronHack-punando/IRONHACK/healthEat/index.html,2017-04-01 23:30:18 UTC,2017-04-02 00:25:02 UTC,https://github.com
344,seonghapark,"",2017-04-01 23:29:55 UTC,2017-04-02 02:04:42 UTC,https://github.com
343,iebv,"",2017-04-01 23:29:31 UTC,2017-04-02 02:05:03 UTC,https://github.com
342,Areeb96,http://ironhacks-2017-html.herokuapp.com/gold/1/2017-Purdue-IronHack-Areeb96/Index.html,2017-04-01 23:29:10 UTC,2017-04-02 00:26:41 UTC,https://github.com
341,azareei1,"",2017-04-01 23:28:13 UTC,2017-04-02 02:05:18 UTC,https://github.com
340,aashish33,http://ironhacks-2017-html.herokuapp.com/gold/1/2017-Purdue-IronHack-aashish33/front_page.html,2017-04-01 23:27:55 UTC,2017-04-02 00:27:16 UTC,https://github.com
339,adityadas011,http://ironhacks-2017-html.herokuapp.com/gold/1/2017-Purdue-IronHack-adityadas011/veggielocator.html,2017-04-01 23:27:26 UTC,2017-04-02 00:27:46 UTC,https://github.com
338,christ332,http://ironhacks-2017-html.herokuapp.com/gold/1/2017-Purdue-IronHack-christ332/Fresh%20World/index.html,2017-04-01 23:27:10 UTC,2017-04-02 00:28:05 UTC,https://github.com
337,paulgemp,"",2017-04-01 23:26:42 UTC,2017-04-02 02:05:33 UTC,https://github.com
336,MavisWang,http://ironhacks-2017-html.herokuapp.com/gold/1/2017-Purdue-IronHack-MavisWang/index.html,2017-04-01 23:26:23 UTC,2017-04-02 00:30:46 UTC,https://github.com
335,ynteng,http://ironhacks-2017-html.herokuapp.com/gold/1/2017-Purdue-IronHack-ynteng/RoadTripAgent/RoadTripAgent/Project_Readme.html http://ironhacks-2017-html.herokuapp.com/gold/1/2017-Purdue-IronHack-ynteng/RoadTripAgent/RoadTripAgent/Views/_ViewStart.cshtml http://ironhacks-2017-html.herokuapp.com/gold/1/2017-Purdue-IronHack-ynteng/RoadTripAgent/RoadTripAgent/Views/Account/_ExternalLoginsListPartial.cshtml http://ironhacks-2017-html.herokuapp.com/gold/1/2017-Purdue-IronHack-ynteng/RoadTripAgent/RoadTripAgent/Views/Account/ConfirmEmail.cshtml http://ironhacks-2017-html.herokuapp.com/gold/1/2017-Purdue-IronHack-ynteng/RoadTripAgent/RoadTripAgent/Views/Account/ExternalLoginConfirmation.cshtml http://ironhacks-2017-html.herokuapp.com/gold/1/2017-Purdue-IronHack-ynteng/RoadTripAgent/RoadTripAgent/Views/Account/ExternalLoginFailure.cshtml http://ironhacks-2017-html.herokuapp.com/gold/1/2017-Purdue-IronHack-ynteng/RoadTripAgent/RoadTripAgent/Views/Account/ForgotPassword.cshtml http://ironhacks-2017-html.herokuapp.com/gold/1/2017-Purdue-IronHack-ynteng/RoadTripAgent/RoadTripAgent/Views/Account/ForgotPasswordConfirmation.cshtml http://ironhacks-2017-html.herokuapp.com/gold/1/2017-Purdue-IronHack-ynteng/RoadTripAgent/RoadTripAgent/Views/Account/Login.cshtml http://ironhacks-2017-html.herokuapp.com/gold/1/2017-Purdue-IronHack-ynteng/RoadTripAgent/RoadTripAgent/Views/Account/Register.cshtml http://ironhacks-2017-html.herokuapp.com/gold/1/2017-Purdue-IronHack-ynteng/RoadTripAgent/RoadTripAgent/Views/Account/ResetPassword.cshtml http://ironhacks-2017-html.herokuapp.com/gold/1/2017-Purdue-IronHack-ynteng/RoadTripAgent/RoadTripAgent/Views/Account/ResetPasswordConfirmation.cshtml http://ironhacks-2017-html.herokuapp.com/gold/1/2017-Purdue-IronHack-ynteng/RoadTripAgent/RoadTripAgent/Views/Account/SendCode.cshtml http://ironhacks-2017-html.herokuapp.com/gold/1/2017-Purdue-IronHack-ynteng/RoadTripAgent/RoadTripAgent/Views/Account/VerifyCode.cshtml http://ironhacks-2017-html.herokuapp.com/gold/1/2017-Purdue-IronHack-ynteng/RoadTripAgent/RoadTripAgent/Views/Home/About.cshtml http://ironhacks-2017-html.herokuapp.com/gold/1/2017-Purdue-IronHack-ynteng/RoadTripAgent/RoadTripAgent/Views/Home/Contact.cshtml http://ironhacks-2017-html.herokuapp.com/gold/1/2017-Purdue-IronHack-ynteng/RoadTripAgent/RoadTripAgent/Views/Home/Index.cshtml http://ironhacks-2017-html.herokuapp.com/gold/1/2017-Purdue-IronHack-ynteng/RoadTripAgent/RoadTripAgent/Views/Home/Start.cshtml http://ironhacks-2017-html.herokuapp.com/gold/1/2017-Purdue-IronHack-ynteng/RoadTripAgent/RoadTripAgent/Views/Manage/AddPhoneNumber.cshtml http://ironhacks-2017-html.herokuapp.com/gold/1/2017-Purdue-IronHack-ynteng/RoadTripAgent/RoadTripAgent/Views/Manage/ChangePassword.cshtml http://ironhacks-2017-html.herokuapp.com/gold/1/2017-Purdue-IronHack-ynteng/RoadTripAgent/RoadTripAgent/Views/Manage/Index.cshtml http://ironhacks-2017-html.herokuapp.com/gold/1/2017-Purdue-IronHack-ynteng/RoadTripAgent/RoadTripAgent/Views/Manage/ManageLogins.cshtml http://ironhacks-2017-html.herokuapp.com/gold/1/2017-Purdue-IronHack-ynteng/RoadTripAgent/RoadTripAgent/Views/Manage/SetPassword.cshtml http://ironhacks-2017-html.herokuapp.com/gold/1/2017-Purdue-IronHack-ynteng/RoadTripAgent/RoadTripAgent/Views/Manage/VerifyPhoneNumber.cshtml http://ironhacks-2017-html.herokuapp.com/gold/1/2017-Purdue-IronHack-ynteng/RoadTripAgent/RoadTripAgent/Views/Shared/_Layout.cshtml http://ironhacks-2017-html.herokuapp.com/gold/1/2017-Purdue-IronHack-ynteng/RoadTripAgent/RoadTripAgent/Views/Shared/_LoginPartial.cshtml http://ironhacks-2017-html.herokuapp.com/gold/1/2017-Purdue-IronHack-ynteng/RoadTripAgent/RoadTripAgent/Views/Shared/Error.cshtml http://ironhacks-2017-html.herokuapp.com/gold/1/2017-Purdue-IronHack-ynteng/RoadTripAgent/RoadTripAgent/Views/Shared/Lockout.cshtml,2017-04-01 23:26:05 UTC,2017-04-02 00:31:26 UTC,https://github.com
334,paragguruji,"",2017-04-01 23:25:44 UTC,2017-04-02 02:07:00 UTC,https://github.com
333,Pradyuth1,"",2017-04-01 23:25:27 UTC,2017-04-02 02:07:13 UTC,https://github.com
332,alarea1,http://ironhacks-2017-html.herokuapp.com/gold/1/2017-Purdue-IronHack-alarea1/googlema%20demo/index.html,2017-04-01 23:25:02 UTC,2017-04-02 00:31:57 UTC,https://github.com
331,snehaendait,"",2017-04-01 23:24:31 UTC,2017-04-02 03:05:22 UTC,https://github.com
330,ykchautai,http://ironhacks-2017-html.herokuapp.com/gold/1/2017-Purdue-UNAL-IronHack-ykchautai/product-page.html,2017-04-01 23:08:41 UTC,2017-04-02 03:05:07 UTC,https://github.com
329,Yelis3,http://ironhacks-2017-html.herokuapp.com/gold/1/2017-Purdue-UNAL-IronHack-Yelis3/app.html,2017-04-01 23:08:19 UTC,2017-04-02 03:05:49 UTC,https://github.com
328,xdanielsb,http://ironhacks-2017-html.herokuapp.com/gold/1/2017-Purdue-UNAL-IronHack-xdanielsb/browser.html http://ironhacks-2017-html.herokuapp.com/gold/1/2017-Purdue-UNAL-IronHack-xdanielsb/content.html http://ironhacks-2017-html.herokuapp.com/gold/1/2017-Purdue-UNAL-IronHack-xdanielsb/facade.html http://ironhacks-2017-html.herokuapp.com/gold/1/2017-Purdue-UNAL-IronHack-xdanielsb/index.html,2017-04-01 23:07:56 UTC,2017-04-02 03:06:23 UTC,https://github.com
327,tres-iqus,"",2017-04-01 23:07:36 UTC,2017-04-02 03:08:11 UTC,https://github.com
326,sagilm,http://ironhacks-2017-html.herokuapp.com/gold/1/2017-Purdue-UNAL-IronHack-sagilm/api.html,2017-04-01 23:07:10 UTC,2017-04-02 03:08:33 UTC,https://github.com
325,raulramirezp,"",2017-04-01 23:06:46 UTC,2017-04-02 03:10:26 UTC,https://github.com
324,wilson911013,http://ironhacks-2017-html.herokuapp.com/gold/1/2017-Purdue-UNAL-IronHack-srmedinac/index.html,2017-04-01 20:16:27 UTC,2017-04-02 03:13:39 UTC,https://github.com
323,wapiravaguens,http://ironhacks-2017-html.herokuapp.com/gold/1/2017-Purdue-UNAL-IronHack-wapiravaguens/index.html,2017-04-01 20:16:08 UTC,2017-04-02 03:10:13 UTC,https://github.com
322,srmedinac,"",2017-04-01 20:15:49 UTC,2017-04-02 03:14:10 UTC,https://github.com
321,spenas,http://ironhacks-2017-html.herokuapp.com/gold/1/2017-Purdue-UNAL-IronHack-spenas/index.html,2017-04-01 20:15:27 UTC,2017-04-04 03:57:29 UTC,https://github.com/goldironhack/2017-Purdue-UNAL-IronHack-spenas
320,smarquezo,http://ironhacks-2017-html.herokuapp.com/gold/1/2017-Purdue-UNAL-IronHack-smarquezo/RentHouse.html,2017-04-01 20:15:05 UTC,2017-04-04 03:55:57 UTC,https://github.com/goldironhack/2017-Purdue-UNAL-IronHack-smarquezo
319,sarizag,http://ironhacks-2017-html.herokuapp.com/gold/1/2017-Purdue-UNAL-IronHack-sarizag/ironhacks.html,2017-04-01 20:14:37 UTC,2017-04-04 03:53:48 UTC,https://github.com/goldironhack/2017-Purdue-UNAL-IronHack-sarizag
318,yocuervoc,"",2017-04-01 03:23:10 UTC,2017-04-02 03:13:28 UTC,https://github.com/
317,UNhcrodriguezl,http://ironhacks-2017-html.herokuapp.com/gold/1/2017-Purdue-UNAL-IronHack-UNhcrodriguezl/ChicaGO!!!/index.html,2017-04-01 03:23:02 UTC,2017-04-04 03:43:35 UTC,https://github.com/goldironhack/2017-Purdue-UNAL-IronHack-UNhcrodriguezl
316,sacastroc,http://ironhacks-2017-html.herokuapp.com/gold/1/2017-Purdue-UNAL-IronHack-sacastroc/Rentill/index.html,2017-04-01 03:22:53 UTC,2017-04-04 03:51:31 UTC,https://github.com/goldironhack/2017-Purdue-UNAL-IronHack-sacastroc
315,pipemax85,http://ironhacks-2017-html.herokuapp.com/gold/1/2017-Purdue-UNAL-IronHack-pipemax85/index.html,2017-04-01 03:22:43 UTC,2017-04-04 03:41:33 UTC,https://github.com/goldironhack/2017-Purdue-UNAL-IronHack-pipemax85
314,pcberriop,http://ironhacks-2017-html.herokuapp.com/gold/1/2017-Purdue-UNAL-IronHack-pcberriop/Ironhacks/index.html,2017-04-01 03:22:31 UTC,2017-04-04 03:27:37 UTC,https://github.com/goldironhack/2017-Purdue-UNAL-IronHack-pcberriop
305,odprietoh,http://ironhacks-2017-html.herokuapp.com/gold/1/2017-Purdue-UNAL-IronHack-xdanielsb/browser.html http://ironhacks-2017-html.herokuapp.com/gold/1/2017-Purdue-UNAL-IronHack-xdanielsb/content.html http://ironhacks-2017-html.herokuapp.com/gold/1/2017-Purdue-UNAL-IronHack-xdanielsb/facade.html http://ironhacks-2017-html.herokuapp.com/gold/1/2017-Purdue-UNAL-IronHack-xdanielsb/index.html,2017-04-01 03:05:32 UTC,2017-04-02 16:35:18 UTC,https://github.com/
304,NicolasZon,http://ironhacks-2017-html.herokuapp.com/gold/1/2017-Purdue-UNAL-IronHack-NicolasZon/entregauno.html,2017-04-01 03:05:22 UTC,2017-04-02 03:11:23 UTC,https://github.com/
303,Moimolcp,http://ironhacks-2017-html.herokuapp.com/gold/1/2017-Purdue-UNAL-IronHack-Moimolcp/index.html,2017-04-01 03:05:14 UTC,2017-04-02 03:10:55 UTC,https://github.com/
302,MogGy94,"",2017-04-01 03:05:04 UTC,2017-04-02 03:10:38 UTC,https://github.com/
301,mnguzmanc,http://ironhacks-2017-html.herokuapp.com/gold/1/2017-Purdue-UNAL-IronHack-mnguzmanc/index.html,2017-04-01 03:04:56 UTC,2017-04-02 03:10:21 UTC,https://github.com/
300,maikellPardoA,http://ironhacks-2017-html.herokuapp.com/gold/1/2017-Purdue-UNAL-IronHack-maikellPardoA/project%20hackton%20MAIKELL%20PARDO/login.html http://ironhacks-2017-html.herokuapp.com/gold/1/2017-Purdue-UNAL-IronHack-maikellPardoA/project%20hackton%20MAIKELL%20PARDO/PROJECT.html,2017-04-01 03:04:41 UTC,2017-04-02 03:10:05 UTC,https://github.com/
299,lfvalderrama,"",2017-04-01 03:04:28 UTC,2017-04-02 03:09:46 UTC,https://github.com/
298,leavendanoro,http://ironhacks-2017-html.herokuapp.com/gold/1/2017-Purdue-UNAL-IronHack-leavendanoro/Proyect.html,2017-04-01 03:04:17 UTC,2017-04-02 03:07:43 UTC,https://github.com/
297,katherinsb,"",2017-04-01 03:04:07 UTC,2017-04-02 03:07:23 UTC,https://github.com/
296,juanescai,http://ironhacks-2017-html.herokuapp.com/gold/1/2017-Purdue-UNAL-IronHack-xdanielsb/browser.html http://ironhacks-2017-html.herokuapp.com/gold/1/2017-Purdue-UNAL-IronHack-xdanielsb/content.html http://ironhacks-2017-html.herokuapp.com/gold/1/2017-Purdue-UNAL-IronHack-xdanielsb/facade.html http://ironhacks-2017-html.herokuapp.com/gold/1/2017-Purdue-UNAL-IronHack-xdanielsb/index.html,2017-04-01 03:03:52 UTC,2017-04-02 16:34:18 UTC,https://github.com/
295,juandavidro,http://ironhacks-2017-html.herokuapp.com/gold/1/2017-Purdue-UNAL-IronHack-juandavidro/finYouHome.html,2017-04-01 03:03:38 UTC,2017-04-02 03:06:06 UTC,https://github.com/
294,Judgarciani,http://ironhacks-2017-html.herokuapp.com/gold/1/2017-Purdue-UNAL-IronHack-Judgarciani/main.html,2017-04-01 03:03:25 UTC,2017-04-02 03:05:40 UTC,https://github.com/
293,JoseMolano,http://ironhacks-2017-html.herokuapp.com/gold/1/2017-Purdue-UNAL-IronHack-JoseMolano/IronHacks1.html,2017-04-01 03:02:38 UTC,2017-04-02 02:49:30 UTC,https://github.com/
292,jmcuestasb,"",2017-04-01 03:02:16 UTC,2017-04-02 02:50:30 UTC,https://github.com/
291,jjrodriguezn,"",2017-04-01 03:01:58 UTC,2017-04-02 02:50:33 UTC,https://github.com/
290,jdsuarezj,http://ironhacks-2017-html.herokuapp.com/gold/1/2017-Purdue-UNAL-IronHack-jdsuarezj/index.html http://ironhacks-2017-html.herokuapp.com/gold/1/2017-Purdue-UNAL-IronHack-jdsuarezj/securitymap.html,2017-04-01 03:01:48 UTC,2017-04-02 02:50:19 UTC,https://github.com/
289,jdsolanos,"",2017-04-01 03:01:35 UTC,2017-04-02 02:51:44 UTC,https://github.com/
288,jcneivaa,"",2017-04-01 03:01:24 UTC,2017-04-02 02:51:50 UTC,https://github.com/
287,janoguerab,http://ironhacks-2017-html.herokuapp.com/gold/1/2017-Purdue-UNAL-IronHack-xdanielsb/browser.html http://ironhacks-2017-html.herokuapp.com/gold/1/2017-Purdue-UNAL-IronHack-xdanielsb/content.html http://ironhacks-2017-html.herokuapp.com/gold/1/2017-Purdue-UNAL-IronHack-xdanielsb/facade.html http://ironhacks-2017-html.herokuapp.com/gold/1/2017-Purdue-UNAL-IronHack-xdanielsb/index.html,2017-04-01 03:01:14 UTC,2017-04-02 16:33:18 UTC,https://github.com/
286,hsmartineza,http://ironhacks-2017-html.herokuapp.com/gold/1/2017-Purdue-UNAL-IronHack-hsmartineza/index.html,2017-04-01 03:00:55 UTC,2017-04-02 02:51:11 UTC,https://github.com/
285,gabi04,"",2017-04-01 03:00:45 UTC,2017-04-02 02:53:03 UTC,https://github.com/
284,fmbernalb,"",2017-04-01 03:00:35 UTC,2017-04-02 02:53:06 UTC,https://github.com/
283,fffeelipe,http://ironhacks-2017-html.herokuapp.com/gold/1/2017-Purdue-UNAL-IronHack-fffeelipe/index.html,2017-04-01 03:00:27 UTC,2017-04-02 02:52:35 UTC,https://github.com/
282,DglyP,http://ironhacks-2017-html.herokuapp.com/gold/1/2017-Purdue-UNAL-IronHack-DglyP/index.html,2017-04-01 02:59:43 UTC,2017-04-02 02:55:41 UTC,https://github.com/
281,CristianLozano,http://ironhacks-2017-html.herokuapp.com/gold/1/2017-Purdue-UNAL-IronHack-CristianLozano/deliver1.html,2017-04-01 02:59:32 UTC,2017-04-02 02:55:58 UTC,https://github.com/
280,cdcordobaa,http://ironhacks-2017-html.herokuapp.com/gold/1/2017-Purdue-UNAL-IronHack-cdcordobaa/index.html,2017-04-01 02:59:21 UTC,2017-04-02 02:56:17 UTC,https://github.com/
279,capinillab,http://ironhacks-2017-html.herokuapp.com/gold/1/2017-Purdue-UNAL-IronHack-capinillab/index.html,2017-04-01 02:59:02 UTC,2017-04-02 02:56:34 UTC,https://github.com/
278,cap182,http://ironhacks-2017-html.herokuapp.com/gold/1/2017-Purdue-UNAL-IronHack-xdanielsb/browser.html http://ironhacks-2017-html.herokuapp.com/gold/1/2017-Purdue-UNAL-IronHack-xdanielsb/content.html http://ironhacks-2017-html.herokuapp.com/gold/1/2017-Purdue-UNAL-IronHack-xdanielsb/facade.html http://ironhacks-2017-html.herokuapp.com/gold/1/2017-Purdue-UNAL-IronHack-xdanielsb/index.html,2017-04-01 02:58:49 UTC,2017-04-02 16:34:39 UTC,https://github.com/
277,CamiloRueda,"",2017-04-01 02:58:38 UTC,2017-04-04 03:20:38 UTC,https://github.com/goldironhack/2017-Purdue-UNAL-IronHack-CamiloRueda
276,camilo654,http://ironhacks-2017-html.herokuapp.com/gold/1/2017-Purdue-UNAL-IronHack-camilo654/Appartment.html,2017-04-01 02:58:23 UTC,2017-04-04 03:18:56 UTC,https://github.com/goldironhack/2017-Purdue-UNAL-IronHack-camilo654
275,camilo13152,http://ironhacks-2017-html.herokuapp.com/gold/1/2017-Purdue-UNAL-IronHack-camilo13152/app/views/home/index.html.erb ,2017-04-01 02:58:02 UTC,2017-04-04 03:16:47 UTC,https://github.com/goldironhack/2017-Purdue-UNAL-IronHack-camilo13152
274,bsgarciac,http://ironhacks-2017-html.herokuapp.com/gold/1/2017-Purdue-UNAL-IronHack-bsgarciac/Ironhack/html.html,2017-04-01 02:57:51 UTC,2017-04-04 03:05:11 UTC,https://github.com/goldironhack/2017-Purdue-UNAL-IronHack-bsgarciac
273,annipi,"",2017-04-01 02:57:14 UTC,2017-04-01 02:57:14 UTC,""
265,Phoenixest,http://ironhacks-2017-html.herokuapp.com/gold/1/2017-Purdue-UNAL-IronHack-Phoenixest/firstUpdate.html,2017-03-31 20:31:32 UTC,2017-04-02 02:55:11 UTC,https://github.com
264,oserasoa,http://ironhacks-2017-html.herokuapp.com/gold/1/2017-Purdue-UNAL-IronHack-oserasoa/index.html,2017-03-31 20:31:07 UTC,2017-04-02 02:58:56 UTC,https://github.com
263,mdbelloc,http://ironhacks-2017-html.herokuapp.com/gold/1/2017-Purdue-UNAL-IronHack-mdbelloc/Iron%20Hacks%20-%20Task/Home.html,2017-03-31 20:27:31 UTC,2017-04-02 02:59:24 UTC,https://github.com
262,luegilca,http://ironhacks-2017-html.herokuapp.com/gold/1/2017-Purdue-UNAL-IronHack-luegilca/index.html,2017-03-31 20:27:03 UTC,2017-04-02 02:59:46 UTC,https://github.com
261,luealfonsoru,http://ironhacks-2017-html.herokuapp.com/gold/1/2017-Purdue-UNAL-IronHack-luealfonsoru/index.html,2017-03-31 20:26:40 UTC,2017-04-02 03:00:03 UTC,https://github.com
260,lsfinite,http://ironhacks-2017-html.herokuapp.com/gold/1/2017-Purdue-UNAL-IronHack-lsfinite/mapa.html http://ironhacks-2017-html.herokuapp.com/gold/1/2017-Purdue-UNAL-IronHack-lsfinite/template1.html,2017-03-31 20:26:19 UTC,2017-04-02 03:00:29 UTC,https://github.com
258,ligibrial,http://ironhacks-2017-html.herokuapp.com/gold/1/2017-Purdue-UNAL-IronHack-ligibrial/maps.html,2017-03-31 20:14:11 UTC,2017-04-02 03:00:48 UTC,https://github.com
257,leguzman,http://ironhacks-2017-html.herokuapp.com/gold/1/2017-Purdue-UNAL-IronHack-leguzman/index.html,2017-03-31 20:13:52 UTC,2017-04-02 03:01:05 UTC,https://github.com
256,kmendezp96,http://ironhacks-2017-html.herokuapp.com/gold/1/2017-Purdue-UNAL-IronHack-kmendezp96/Home.html,2017-03-31 20:13:20 UTC,2017-04-02 03:01:27 UTC,https://github.com
255,kancas,http://ironhacks-2017-html.herokuapp.com/gold/1/2017-Purdue-UNAL-IronHack-kancas/ironhacksproject.html,2017-03-31 20:12:32 UTC,2017-04-02 02:33:08 UTC,https://github.com
254,jusherrerama,http://ironhacks-2017-html.herokuapp.com/gold/1/2017-Purdue-UNAL-IronHack-jusherrerama/mashup/index.html,2017-03-31 20:08:27 UTC,2017-04-02 02:34:18 UTC,""
253,JulianaNino,http://ironhacks-2017-html.herokuapp.com/gold/1/2017-Purdue-UNAL-IronHack-JulianaNino/index.html,2017-03-31 20:04:01 UTC,2017-04-02 02:34:38 UTC,https://github.com
252,jucjimenezmo,"",2017-03-31 20:03:40 UTC,2017-04-02 02:34:54 UTC,https://github.com
251,juasmartinezbel,http://ironhacks-2017-html.herokuapp.com/gold/1/2017-Purdue-UNAL-IronHack-juasmartinezbel/main.html,2017-03-31 20:03:18 UTC,2017-04-02 02:35:17 UTC,https://github.com
250,JuanitoAli,http://ironhacks-2017-html.herokuapp.com/gold/1/2017-Purdue-UNAL-IronHack-JuanitoAli/DataSet/Chicago/mht/Affordable%20Rental%20Housing%20Developments%20-%20Data.gov.html.mht http://ironhacks-2017-html.herokuapp.com/gold/1/2017-Purdue-UNAL-IronHack-JuanitoAli/DataSet/Chicago/mht/Bike%20Racks%20-%20Data.gov.html.mht http://ironhacks-2017-html.herokuapp.com/gold/1/2017-Purdue-UNAL-IronHack-JuanitoAli/DataSet/Chicago/mht/Crimes%20-%202001%20to%20present%20-%20Data.gov.html.mht http://ironhacks-2017-html.herokuapp.com/gold/1/2017-Purdue-UNAL-IronHack-JuanitoAli/DataSet/Chicago/mht/Parks%20-%20Chicago%20Park%20District%20Facilities%20-%20Data.gov.html.mht http://ironhacks-2017-html.herokuapp.com/gold/1/2017-Purdue-UNAL-IronHack-JuanitoAli/DataSet/Chicago/mht/Pedestrian%20Streets%20-%20Data.gov.html.mht http://ironhacks-2017-html.herokuapp.com/gold/1/2017-Purdue-UNAL-IronHack-JuanitoAli/DataSet/Chicago/mht/Police%20Stations%20-%20Data.gov.html.mht http://ironhacks-2017-html.herokuapp.com/gold/1/2017-Purdue-UNAL-IronHack-JuanitoAli/DataSet/Chicago/Parks%20-%20Chicago%20Park%20District%20Facilities%20-%20Data.gov.html.csv http://ironhacks-2017-html.herokuapp.com/gold/1/2017-Purdue-UNAL-IronHack-JuanitoAli/DataSet/Wheater/Online%20Data%20Request%20Submitted%20|%20Climate%20Data%20Online%20(CDO)%20|%20National%20Climatic%20Data%20Center%20(NCDC).html.mht,2017-03-31 20:02:53 UTC,2017-04-02 02:35:40 UTC,https://github.com
248,jscontrerasp,http://ironhacks-2017-html.herokuapp.com/gold/1/2017-Purdue-UNAL-IronHack-jscontrerasp/index.html,2017-03-31 20:00:39 UTC,2017-04-02 02:38:07 UTC,https://github.com
247,jjmuesesq,http://ironhacks-2017-html.herokuapp.com/gold/1/2017-Purdue-UNAL-IronHack-jjmuesesq/App_Chicago.html,2017-03-31 20:00:14 UTC,2017-04-02 02:38:26 UTC,https://github.com
245,ronaldsg20,http://ironhacks-2017-html.herokuapp.com/gold/1/2017-Purdue-UNAL-IronHack-ronaldsg20/index.html,2017-03-31 18:48:03 UTC,2017-04-02 02:38:45 UTC,https://github.com
244,ofnanezn,http://ironhacks-2017-html.herokuapp.com/gold/1/2017-Purdue-UNAL-IronHack-ofnanezn/index.html,2017-03-31 18:47:40 UTC,2017-04-02 02:39:05 UTC,https://github.com
243,oacastillol,http://ironhacks-2017-html.herokuapp.com/gold/1/2017-Purdue-UNAL-IronHack-oacastillol/index.html,2017-03-31 18:47:16 UTC,2017-04-02 02:39:23 UTC,https://github.com
242,NicolasPrr,http://ironhacks-2017-html.herokuapp.com/gold/1/2017-Purdue-UNAL-IronHack-NicolasPrr/browser.html http://ironhacks-2017-html.herokuapp.com/gold/1/2017-Purdue-UNAL-IronHack-NicolasPrr/main.html,2017-03-31 18:46:58 UTC,2017-04-02 02:39:44 UTC,https://github.com
241,nfmorenog,http://ironhacks-2017-html.herokuapp.com/gold/1/2017-Purdue-UNAL-IronHack-nfmorenog/Home.html,2017-03-31 18:46:31 UTC,2017-04-02 02:40:07 UTC,https://github.com
240,ncampuzano,http://ironhacks-2017-html.herokuapp.com/gold/1/2017-Purdue-UNAL-IronHack-ncampuzano/index.html,2017-03-31 18:46:06 UTC,2017-04-02 02:40:23 UTC,https://github.com
239,mballeng91,"",2017-03-31 18:45:48 UTC,2017-04-02 02:40:39 UTC,https://github.com
238,macuestap,http://ironhacks-2017-html.herokuapp.com/gold/1/2017-Purdue-UNAL-IronHack-macuestap/webapp/src/app/app.component.html http://ironhacks-2017-html.herokuapp.com/gold/1/2017-Purdue-UNAL-IronHack-macuestap/webapp/src/index.html,2017-03-31 18:45:26 UTC,2017-04-02 02:41:01 UTC,https://github.com
237,lizzyt10h,http://ironhacks-2017-html.herokuapp.com/gold/1/2017-Purdue-UNAL-IronHack-lizzyt10h/map.html,2017-03-31 18:45:04 UTC,2017-04-02 02:41:16 UTC,https://github.com
236,lgmoralesa,http://ironhacks-2017-html.herokuapp.com/gold/1/2017-Purdue-UNAL-IronHack-lgmoralesa/criteria.html http://ironhacks-2017-html.herokuapp.com/gold/1/2017-Purdue-UNAL-IronHack-lgmoralesa/index.html http://ironhacks-2017-html.herokuapp.com/gold/1/2017-Purdue-UNAL-IronHack-lgmoralesa/index1.html http://ironhacks-2017-html.herokuapp.com/gold/1/2017-Purdue-UNAL-IronHack-lgmoralesa/safeAffordable.html,2017-03-31 18:44:42 UTC,2017-04-02 02:41:35 UTC,https://github.com
235,lemartinp,http://ironhacks-2017-html.herokuapp.com/gold/1/2017-Purdue-UNAL-IronHack-lemartinp/index.html,2017-03-31 18:44:21 UTC,2017-04-02 02:41:52 UTC,https://github.com
234,lacardenasv,http://ironhacks-2017-html.herokuapp.com/gold/1/2017-Purdue-UNAL-IronHack-lacardenasv/index.html,2017-03-31 18:43:39 UTC,2017-04-02 02:42:07 UTC,https://github.com
233,kgbayala528,http://ironhacks-2017-html.herokuapp.com/gold/1/2017-Purdue-UNAL-IronHack-kgbayala528/index.html http://ironhacks-2017-html.herokuapp.com/gold/1/2017-Purdue-UNAL-IronHack-kgbayala528/map.html,2017-03-31 18:43:10 UTC,2017-04-02 02:42:26 UTC,https://github.com
232,jumcorredorro,http://ironhacks-2017-html.herokuapp.com/gold/1/2017-Purdue-UNAL-IronHack-jumcorredorro/FindingHome/about.html http://ironhacks-2017-html.herokuapp.com/gold/1/2017-Purdue-UNAL-IronHack-jumcorredorro/FindingHome/home.html http://ironhacks-2017-html.herokuapp.com/gold/1/2017-Purdue-UNAL-IronHack-jumcorredorro/FindingHome/index.html http://ironhacks-2017-html.herokuapp.com/gold/1/2017-Purdue-UNAL-IronHack-jumcorredorro/FindingHome/weather.html,2017-03-31 18:32:04 UTC,2017-04-02 02:42:48 UTC,https://github.com
231,juligarji,http://ironhacks-2017-html.herokuapp.com/gold/1/2017-Purdue-UNAL-IronHack-juligarji/index.html,2017-03-31 18:31:41 UTC,2017-04-02 02:43:06 UTC,https://github.com
230,juclopezso,http://ironhacks-2017-html.herokuapp.com/gold/1/2017-Purdue-UNAL-IronHack-juclopezso/Index.html,2017-03-31 18:31:18 UTC,2017-04-02 02:43:24 UTC,https://github.com
229,jscastelblancoh,http://ironhacks-2017-html.herokuapp.com/gold/1/2017-Purdue-UNAL-IronHack-jscastelblancoh/index.html,2017-03-31 18:30:52 UTC,2017-04-02 02:43:41 UTC,https://github.com
228,jorge52an,http://ironhacks-2017-html.herokuapp.com/gold/1/2017-Purdue-UNAL-IronHack-jorge52an/src/index.html,2017-03-31 18:30:23 UTC,2017-04-02 02:44:04 UTC,https://github.com
226,jmalvarezd,http://ironhacks-2017-html.herokuapp.com/gold/1/2017-Purdue-UNAL-IronHack-jmalvarezd/2017-Purdue-UNAL-IronHack-jmalvarezd-project.html,2017-03-31 18:29:55 UTC,2017-04-02 02:44:27 UTC,https://github.com
225,JhonEmmanuelTorres,"",2017-03-31 18:29:28 UTC,2017-04-02 02:44:44 UTC,https://github.com
224,jdmonroyg,"",2017-03-31 18:29:02 UTC,2017-04-02 02:45:09 UTC,https://github.com
223,feattheGru,"",2017-03-31 18:28:33 UTC,2017-04-02 02:45:12 UTC,https://github.com
222,DianaNavarrete,http://ironhacks-2017-html.herokuapp.com/gold/1/2017-Purdue-UNAL-IronHack-DianaNavarrete/primer.html,2017-03-31 18:28:11 UTC,2017-04-02 02:07:21 UTC,https://github.com
221,dduartec,http://ironhacks-2017-html.herokuapp.com/gold/1/2017-Purdue-UNAL-IronHack-dduartec/phase1/map.html,2017-03-31 18:27:54 UTC,2017-04-02 02:07:47 UTC,https://github.com
219,DavidQP,http://ironhacks-2017-html.herokuapp.com/gold/1/2017-Purdue-UNAL-IronHack-DavidQP/main.html,2017-03-31 18:26:44 UTC,2017-04-02 02:08:12 UTC,https://github.com
218,davidh17,http://ironhacks-2017-html.herokuapp.com/gold/1/2017-Purdue-UNAL-IronHack-davidh17/index.html,2017-03-31 18:25:56 UTC,2017-04-02 02:08:51 UTC,https://github.com
216,Danielsv9207,"",2017-03-31 18:02:06 UTC,2017-04-02 02:09:56 UTC,https://github.com
215,dagofonseca,http://ironhacks-2017-html.herokuapp.com/gold/1/2017-Purdue-UNAL-IronHack-dagofonseca/rents.html,2017-03-31 18:01:31 UTC,2017-04-04 03:02:38 UTC,https://github.com/goldironhack/2017-Purdue-UNAL-IronHack-dagofonseca
214,Chranium,http://ironhacks-2017-html.herokuapp.com/gold/1/2017-Purdue-UNAL-IronHack-Chranium/index.html,2017-03-31 18:00:58 UTC,2017-04-04 02:58:21 UTC,https://github.com/goldironhack/2017-Purdue-UNAL-IronHack-Chranium
213,anmmunozme,http://ironhacks-2017-html.herokuapp.com/gold/1/2017-Purdue-UNAL-IronHack-anmmunozme/index.html,2017-03-31 17:59:06 UTC,2017-04-04 02:48:06 UTC,https://github.com/goldironhack/2017-Purdue-UNAL-IronHack-anmmunozme
210,cccristanchoc,http://ironhacks-2017-html.herokuapp.com/gold/1/2017-Purdue-UNAL-IronHack-cccristanchoc/index.html,2017-03-31 17:56:02 UTC,2017-04-04 02:45:02 UTC,https://github.com/goldironhack/2017-Purdue-UNAL-IronHack-cccristanchoc
209,capinzor,http://ironhacks-2017-html.herokuapp.com/gold/1/2017-Purdue-UNAL-IronHack-capinzor/2017-Purdue-UNAL-IronHacks-Project.html.html,2017-03-31 17:55:17 UTC,2017-04-04 02:41:51 UTC,https://github.com/goldironhack/2017-Purdue-UNAL-IronHack-capinzor
207,afforeroc,http://ironhacks-2017-html.herokuapp.com/gold/1/2017-Purdue-UNAL-IronHack-afforeroc/index.html,2017-03-31 17:54:39 UTC,2017-04-04 02:40:07 UTC,https://github.com/goldironhack/2017-Purdue-UNAL-IronHack-afforeroc
206,maikellPardo,http://ironhacks-2017-html.herokuapp.com/gold/1/2017-Purdue-UNAL-IronHack-maikellPardoA/project%20hackton%20MAIKELL%20PARDO/login.html http://ironhacks-2017-html.herokuapp.com/gold/1/2017-Purdue-UNAL-IronHack-maikellPardoA/project%20hackton%20MAIKELL%20PARDO/PROJECT.html,2017-03-31 17:54:19 UTC,2017-04-02 02:12:48 UTC,http://github.com
205,AFelipeGA,http://ironhacks-2017-html.herokuapp.com/gold/1/2017-Purdue-UNAL-IronHack-AFelipeGA/index.html,2017-03-31 17:54:10 UTC,2017-04-04 02:38:06 UTC,https://github.com/goldironhack/2017-Purdue-UNAL-IronHack-AFelipeGA
204,afceballosr,http://ironhacks-2017-html.herokuapp.com/gold/1/2017-Purdue-UNAL-IronHack-afceballosr/home.html,2017-03-31 17:53:43 UTC,2017-04-04 02:34:17 UTC,https://github.com/goldironhack/2017-Purdue-UNAL-IronHack-afceballosr
203,kastellanos,"",2017-03-31 17:53:40 UTC,2017-04-02 02:14:16 UTC,http://github.com
202,jufcontrerasco,http://ironhacks-2017-html.herokuapp.com/gold/1/2017-Purdue-UNAL-IronHack-jufcontrerasco/Ironhack.html,2017-03-31 17:53:12 UTC,2017-04-02 02:14:32 UTC,http://github.com
201,adriel62,http://ironhacks-2017-html.herokuapp.com/gold/1/2017-Purdue-UNAL-IronHack-adriel62/index.html,2017-03-31 17:53:05 UTC,2017-04-04 02:31:34 UTC,https://github.com/goldironhack/2017-Purdue-UNAL-IronHack-adriel62
199,jsviveroj,http://ironhacks-2017-html.herokuapp.com/gold/1/2017-Purdue-UNAL-IronHack-jsviveroj/base.html,2017-03-31 17:52:42 UTC,2017-04-02 02:15:10 UTC,http://github.com
198,jsnarvaezb,http://ironhacks-2017-html.herokuapp.com/gold/1/2017-Purdue-UNAL-IronHack-jsnarvaezb/index.html,2017-03-31 17:52:04 UTC,2017-04-02 02:16:04 UTC,http://github.com
197,jonatan360,http://ironhacks-2017-html.herokuapp.com/gold/1/2017-Purdue-UNAL-IronHack-jonatan360/index.html,2017-03-31 17:51:33 UTC,2017-04-02 02:17:18 UTC,http://github.com
196,jhriverasa,http://ironhacks-2017-html.herokuapp.com/gold/1/2017-Purdue-UNAL-IronHack-jhriverasa/index.html,2017-03-31 17:51:08 UTC,2017-04-02 02:17:39 UTC,https://github.com
195,joahernandezca,http://ironhacks-2017-html.herokuapp.com/gold/1/2017-Purdue-UNAL-IronHack-joahernandezca/Purdue_1.html,2017-03-31 17:51:06 UTC,2017-04-02 02:18:03 UTC,http://github.com
193,jmhurtadoc,http://ironhacks-2017-html.herokuapp.com/gold/1/2017-Purdue-UNAL-IronHack-jmhurtadoc/first_Task/index.html http://ironhacks-2017-html.herokuapp.com/gold/1/2017-Purdue-UNAL-IronHack-jmhurtadoc/first_Task/searchbox.html,2017-03-31 17:50:33 UTC,2017-04-02 02:18:30 UTC,http://github.com
192,jhonsd1996,http://ironhacks-2017-html.herokuapp.com/gold/1/2017-Purdue-UNAL-IronHack-jhonsd1996/Phase1/search.html http://ironhacks-2017-html.herokuapp.com/gold/1/2017-Purdue-UNAL-IronHack-jhonsd1996/Phase1/welcome.html,2017-03-31 17:50:22 UTC,2017-04-02 02:18:57 UTC,https://github.com
191,jiapulidoar,http://ironhacks-2017-html.herokuapp.com/gold/1/2017-Purdue-UNAL-IronHack-jiapulidoar/index.html,2017-03-31 17:49:56 UTC,2017-04-02 02:19:16 UTC,http://github.com
189,jesusfchavarro,http://ironhacks-2017-html.herokuapp.com/gold/1/2017-Purdue-UNAL-IronHack-jesusfchavarro/index.html,2017-03-31 17:49:32 UTC,2017-04-02 02:19:38 UTC,http://github.com
188,jcrubioa,http://ironhacks-2017-html.herokuapp.com/gold/1/2017-Purdue-UNAL-IronHack-jcrubioa/index.html http://ironhacks-2017-html.herokuapp.com/gold/1/2017-Purdue-UNAL-IronHack-jcrubioa/wedsa/index.html,2017-03-31 17:49:08 UTC,2017-04-02 02:20:09 UTC,http://github.com
186,jhcardenasa,"",2017-03-31 17:48:53 UTC,2017-04-02 02:20:28 UTC,https://github.com
185,JairVillalba,"",2017-03-31 17:48:33 UTC,2017-04-02 02:20:42 UTC,http://github.com
183,idrojasf,http://ironhacks-2017-html.herokuapp.com/gold/1/2017-Purdue-UNAL-IronHack-idrojasf/index.html,2017-03-31 17:48:14 UTC,2017-04-02 02:21:00 UTC,https://github.com
182,ivdgonzalezco,"",2017-03-31 17:48:09 UTC,2017-04-02 02:06:34 UTC,http://github.com
181,ItsNavi,"",2017-03-31 17:47:45 UTC,2017-04-02 02:10:36 UTC,http://github.com
180,HashNick,"",2017-03-31 17:47:42 UTC,2017-04-02 02:10:57 UTC,https://github.com
178,helmeraac,http://ironhacks-2017-html.herokuapp.com/gold/1/2017-Purdue-UNAL-IronHack-helmeraac/index.html,2017-03-31 17:47:15 UTC,2017-04-02 02:11:48 UTC,http://github.com
177,Gantiva,http://ironhacks-2017-html.herokuapp.com/gold/1/2017-Purdue-UNAL-IronHack-Gantiva/ironhacks.html,2017-03-31 17:47:11 UTC,2017-04-02 02:12:27 UTC,https://github.com
175,fabianr23,http://ironhacks-2017-html.herokuapp.com/gold/1/2017-Purdue-UNAL-IronHack-fabianr23/index.html,2017-03-31 17:46:49 UTC,2017-04-02 02:12:51 UTC,https://github.com
174,ditton,"",2017-03-31 17:46:10 UTC,2017-04-04 02:12:12 UTC,https://github.com/goldironhack/2017-Purdue-IronHack-ditton
173,gsuarezc04,"",2017-03-31 17:45:46 UTC,2017-04-02 02:13:30 UTC,http://github.com
171,gfalbarracinr,http://ironhacks-2017-html.herokuapp.com/gold/1/2017-Purdue-UNAL-IronHack-gfalbarracinr/index.html,2017-03-31 17:45:03 UTC,2017-04-02 02:13:52 UTC,http://github.com
170,diegocruz10,http://ironhacks-2017-html.herokuapp.com/gold/1/2017-Purdue-UNAL-IronHack-diegocruz10/page1.html,2017-03-31 17:44:56 UTC,2017-04-02 02:14:23 UTC,https://github.com
169,gcantem,http://ironhacks-2017-html.herokuapp.com/gold/1/2017-Purdue-UNAL-IronHack-gcantem/prototype.html,2017-03-31 17:44:28 UTC,2017-04-02 02:14:51 UTC,http://github.com
168,badefola,http://ironhacks-2017-html.herokuapp.com/gold/1/2017-Purdue-IronHack-badefola/googlemap.html http://ironhacks-2017-html.herokuapp.com/gold/1/2017-Purdue-IronHack-badefola/index.html,2017-03-31 17:44:25 UTC,2017-04-02 00:32:49 UTC,https://github.com
167,debeltranc,http://ironhacks-2017-html.herokuapp.com/gold/1/2017-Purdue-UNAL-IronHack-debeltranc/IronHackApp/src/app/app.component.html http://ironhacks-2017-html.herokuapp.com/gold/1/2017-Purdue-UNAL-IronHack-debeltranc/IronHackApp/src/app/map.component.html http://ironhacks-2017-html.herokuapp.com/gold/1/2017-Purdue-UNAL-IronHack-debeltranc/IronHackApp/src/index.html,2017-03-31 17:44:12 UTC,2017-04-02 02:16:50 UTC,https://github.com
166,CarolXu0527,"",2017-03-31 17:43:56 UTC,2017-04-04 02:10:14 UTC,https://github.com/goldironhack/2017-Purdue-IronHack-CarolXu0527
165,gasierram,http://ironhacks-2017-html.herokuapp.com/gold/1/2017-Purdue-UNAL-IronHack-gasierram/index.html,2017-03-31 17:43:48 UTC,2017-04-02 02:17:36 UTC,http://github.com
164,Davsatu313,http://ironhacks-2017-html.herokuapp.com/gold/1/2017-Purdue-UNAL-IronHack-Davsatu313/Mash.html,2017-03-31 17:43:47 UTC,2017-04-02 02:17:59 UTC,https://github.com
163,davidrh195,http://ironhacks-2017-html.herokuapp.com/gold/1/2017-Purdue-UNAL-IronHack-davidrh195/HTML/dev.html,2017-03-31 17:43:25 UTC,2017-04-04 03:48:36 UTC,https://github.com/goldironhack/2017-Purdue-UNAL-IronHack-davidrh195
162,fevargasmo,http://ironhacks-2017-html.herokuapp.com/gold/1/2017-Purdue-UNAL-IronHack-fevargasmo/pagina.html,2017-03-31 17:43:24 UTC,2017-04-02 02:19:06 UTC,http://github.com
161,Strikerg13,http://ironhacks-2017-html.herokuapp.com/gold/1/2017-Purdue-IronHack-Strikerg13/bs-clean/index-light.html,2017-03-31 17:43:21 UTC,2017-04-04 02:07:06 UTC,https://github.com/goldironhack/2017-Purdue-IronHack-Strikerg13
160,falperezgo,http://ironhacks-2017-html.herokuapp.com/gold/1/2017-Purdue-UNAL-IronHack-falperezgo/map.html,2017-03-31 17:43:03 UTC,2017-04-02 02:19:34 UTC,http://github.com
159,Dandarprox,http://ironhacks-2017-html.herokuapp.com/gold/1/2017-Purdue-UNAL-IronHack-Dandarprox/Iron%20Hacks/index.html,2017-03-31 17:42:55 UTC,2017-04-04 00:23:37 UTC,https://github.com/goldironhack/2017-Purdue-UNAL-IronHack-Dandarprox
158,collin11117,http://ironhacks-2017-html.herokuapp.com/gold/1/2017-Purdue-IronHack-collin11117/home.html,2017-03-31 17:42:43 UTC,2017-04-04 02:00:42 UTC,https://github.com/goldironhack/2017-Purdue-IronHack-collin11117
157,dsbarrerag,http://ironhacks-2017-html.herokuapp.com/gold/1/2017-Purdue-UNAL-IronHack-dsbarrerag/Index.html,2017-03-31 17:42:38 UTC,2017-04-02 02:20:17 UTC,http://github.com
156,CSebasGomez,"",2017-03-31 17:42:31 UTC,2017-04-02 02:20:32 UTC,https://github.com
155,djguzmanc,http://ironhacks-2017-html.herokuapp.com/gold/1/2017-Purdue-UNAL-IronHack-djguzmanc/index.html,2017-03-31 17:42:11 UTC,2017-04-02 02:20:52 UTC,http://github.com
154,bchongolnee,http://ironhacks-2017-html.herokuapp.com/gold/1/2017-Purdue-IronHack-bchongolnee/ironhack.html,2017-03-31 17:42:07 UTC,2017-04-02 00:33:45 UTC,https://github.com
153,crarojasca,"",2017-03-31 17:41:48 UTC,2017-04-02 02:22:00 UTC,https://github.com
152,diegoaguevarar,http://ironhacks-2017-html.herokuapp.com/gold/1/2017-Purdue-UNAL-IronHack-diegoaguevarar/HTMLPage1.html http://ironhacks-2017-html.herokuapp.com/gold/1/2017-Purdue-UNAL-IronHack-diegoaguevarar/Projects/HTMLPage1.html,2017-03-31 17:41:34 UTC,2017-04-02 02:21:28 UTC,http://github.com
151,landydd,http://ironhacks-2017-html.herokuapp.com/gold/1/2017-Purdue-IronHack-landydd/Index.html,2017-03-31 17:41:31 UTC,2017-04-04 00:11:30 UTC,https://github.com/goldironhack/2017-Purdue-IronHack-landydd
150,cesarochoa2006,http://ironhacks-2017-html.herokuapp.com/gold/1/2017-Purdue-UNAL-IronHack-cesarochoa2006/prev/main.html,2017-03-31 17:41:25 UTC,2017-04-04 01:55:38 UTC,https://github.com/goldironhack/2017-Purdue-UNAL-IronHack-cesarochoa2006
149,dfhincapiem,"",2017-03-31 17:40:56 UTC,2017-04-02 02:08:33 UTC,http://github.com
148,wangsj96,http://ironhacks-2017-html.herokuapp.com/gold/1/2017-Purdue-IronHack-wangsj96/index.html,2017-03-31 17:40:55 UTC,2017-04-04 01:58:31 UTC,https://github.com/goldironhack/2017-Purdue-IronHack-wangsj96
147,ccvacad,"",2017-03-31 17:40:48 UTC,2017-04-04 01:48:00 UTC,https://github.com/goldironhack/2017-Purdue-UNAL-IronHack-ccvacad
146,dasalgadob,http://ironhacks-2017-html.herokuapp.com/gold/1/2017-Purdue-UNAL-IronHack-dasalgadob/index.html,2017-03-31 17:40:11 UTC,2017-04-02 02:22:49 UTC,http://github.com
145,Sravya95,http://ironhacks-2017-html.herokuapp.com/gold/1/2017-Purdue-IronHack-Sravya95/Ironhackfinal.html,2017-03-31 17:40:05 UTC,2017-04-04 00:07:34 UTC,https://github.com/goldironhack/2017-Purdue-IronHack-Sravya95
144,daandradec,http://ironhacks-2017-html.herokuapp.com/gold/1/2017-Purdue-UNAL-IronHack-daandradec/Duvan_IronHacks_Software/html http://ironhacks-2017-html.herokuapp.com/gold/1/2017-Purdue-UNAL-IronHack-daandradec/Duvan_IronHacks_Software/html/map.html http://ironhacks-2017-html.herokuapp.com/gold/1/2017-Purdue-UNAL-IronHack-daandradec/Duvan_IronHacks_Software/index.html,2017-03-31 17:39:44 UTC,2017-04-02 02:23:15 UTC,http://github.com
143,michiwib,http://ironhacks-2017-html.herokuapp.com/gold/1/2017-Purdue-IronHack-michiwib/IronhackProject.html,2017-03-31 17:39:23 UTC,2017-04-04 00:30:25 UTC,https://github.com/goldironhack/2017-Purdue-IronHack-michiwib
142,begarzonf,http://ironhacks-2017-html.herokuapp.com/gold/1/2017-Purdue-UNAL-IronHack-begarzonf/Purdue-UNAL%20Gold%20Ironhacks%202017.html,2017-03-31 17:39:03 UTC,2017-04-04 00:04:08 UTC,https://github.com/goldironhack/2017-Purdue-UNAL-IronHack-begarzonf
141,kirinjulia1992,http://ironhacks-2017-html.herokuapp.com/gold/1/2017-Purdue-IronHack-kirinjulia1992/Map.html http://ironhacks-2017-html.herokuapp.com/gold/1/2017-Purdue-IronHack-kirinjulia1992/weather.html,2017-03-31 17:38:39 UTC,2017-04-02 00:35:04 UTC,https://github.com
140,crigar,http://ironhacks-2017-html.herokuapp.com/gold/1/2017-Purdue-UNAL-IronHack-crigar/Purdue-UNAL%20Gold%20Ironhacks%202017.html,2017-03-31 17:38:32 UTC,2017-04-04 00:00:52 UTC,https://github.com/goldironhack/2017-Purdue-UNAL-IronHack-crigar
139,Christian7sr,http://ironhacks-2017-html.herokuapp.com/gold/1/2017-Purdue-UNAL-IronHack-Christian7sr/Ironhacks/index.html,2017-03-31 17:37:46 UTC,2017-04-03 23:57:19 UTC,https://github.com/goldironhack/2017-Purdue-UNAL-IronHack-Christian7sr
138,aesmaeili,http://ironhacks-2017-html.herokuapp.com/gold/1/2017-Purdue-IronHack-aesmaeili/index.html,2017-03-31 17:37:34 UTC,2017-04-03 23:52:17 UTC,https://github.com/goldironhack/2017-Purdue-IronHack-aesmaeili
137,bdvegat,"",2017-03-31 17:37:17 UTC,2017-04-03 23:38:41 UTC,https://github.com/goldironhack/2017-Purdue-UNAL-IronHack-bdvegat
136,bdcajicam,http://ironhacks-2017-html.herokuapp.com/gold/1/2017-Purdue-UNAL-IronHack-bdcajicam/nearium.html,2017-03-31 17:37:06 UTC,2017-04-03 23:31:33 UTC,https://github.com/goldironhack/2017-Purdue-UNAL-IronHack-bdcajicam
135,harshadeshmukh,http://ironhacks-2017-html.herokuapp.com/gold/1/2017-Purdue-IronHack-harshadeshmukh/main.html,2017-03-31 17:36:49 UTC,2017-04-03 23:25:39 UTC,https://github.com/goldironhack/2017-Purdue-IronHack-harshadeshmukh
134,anfmorenoso,http://ironhacks-2017-html.herokuapp.com/gold/1/2017-Purdue-UNAL-IronHack-anfmorenoso/index.html,2017-03-31 17:36:30 UTC,2017-04-03 23:21:05 UTC,https://github.com/goldironhack/2017-Purdue-UNAL-IronHack-anfmorenoso
133,NTAbraham,http://ironhacks-2017-html.herokuapp.com/gold/1/2017-Purdue-IronHack-NTAbraham/bootstrap/index.html,2017-03-31 17:36:13 UTC,2017-04-03 23:11:38 UTC,https://github.com/goldironhack/2017-Purdue-IronHack-NTAbraham
132,andfsanchezlem,http://ironhacks-2017-html.herokuapp.com/gold/1/2017-Purdue-UNAL-IronHack-andfsanchezlem/main.html,2017-03-31 17:35:55 UTC,2017-04-03 23:03:55 UTC,https://github.com/goldironhack/2017-Purdue-UNAL-IronHack-andfsanchezlem
131,matthewchi,http://ironhacks-2017-html.herokuapp.com/gold/1/2017-Purdue-IronHack-matthewchi/index.html,2017-03-31 17:34:40 UTC,2017-04-03 23:00:17 UTC,https://github.com/goldironhack/2017-Purdue-IronHack-matthewchi
130,aldiazve,http://ironhacks-2017-html.herokuapp.com/gold/1/2017-Purdue-UNAL-IronHack-aldiazve/LiveFinder/index.html,2017-03-31 17:34:34 UTC,2017-04-02 02:26:28 UTC,http://github.com
129,adamantwharf,http://ironhacks-2017-html.herokuapp.com/gold/1/2017-Purdue-UNAL-IronHack-adamantwharf/index.html,2017-03-31 17:33:17 UTC,2017-04-02 02:26:42 UTC,http://github.com
128,alan,"",2017-03-30 00:58:12 UTC,2017-04-02 02:27:45 UTC,https://github.com
122,Alex,"",2017-03-29 21:25:04 UTC,2017-04-02 02:28:07 UTC,https://github.com
121,abc,"",2017-03-29 21:18:48 UTC,2017-04-02 02:29:02 UTC,https://github.com
120,Jane ,"",2017-03-29 21:08:18 UTC,2017-04-02 02:29:09 UTC,https://github.com
119,Mary ,"",2017-03-29 20:44:19 UTC,2017-04-02 02:29:13 UTC,https://github.com
118,yyzz,"",2017-03-29 01:54:07 UTC,2017-04-02 02:29:16 UTC,www.github.com
117,abc,"",2017-03-28 03:46:31 UTC,2017-04-02 02:29:20 UTC,google.com
116,emmyzhang,http://blackironhack-13-2016.herokuapp.com,2016-10-02 03:49:17 UTC,2016-10-02 03:49:17 UTC,https://github.com/RCODI/blackironhack-phase1/blob/master/m
115,chris corragio,http://blackironhack-14-2016.herokuapp.com,2016-10-02 03:43:06 UTC,2016-10-02 03:43:06 UTC,https://github.com/RCODI/blackironhack-phase1/blob/master/n
112,analyst1001,http://blackironhack-10-2016.herokuapp.com,2016-10-02 01:31:13 UTC,2016-10-02 01:31:13 UTC,https://github.com/RCODI/blackironhack-phase1/blob/master/k
111,thesoupgirl,http://blackironhack-8-2016.herokuapp.com,2016-10-02 01:28:29 UTC,2016-10-02 01:28:29 UTC,https://github.com/RCODI/blackironhack-phase1/blob/master/i
110,lennax,http://blackironhack-7-2016.herokuapp.com,2016-10-02 01:26:41 UTC,2016-10-02 01:26:41 UTC,https://github.com/RCODI/blackironhack-phase1/blob/master/h
109,saul97,http://blackironhack-6-2016.herokuapp.com,2016-10-02 01:21:33 UTC,2016-10-02 01:21:33 UTC,https://github.com/RCODI/blackironhack-phase1/blob/master/g
108,rkp7,http://blackironhack-5-2016.herokuapp.com,2016-10-02 01:17:49 UTC,2016-10-02 01:17:49 UTC,https://github.com/RCODI/blackironhack-phase1/blob/master/f
107,pptx,http://blackironhack-4-2016.herokuapp.com,2016-10-02 01:11:36 UTC,2016-10-02 01:11:36 UTC,https://github.com/RCODI/blackironhack-phase1/blob/master/e
106,exchrotek,https://blackironhack-37-2016.herokuapp.com,2016-09-25 20:28:44 UTC,2016-09-25 20:28:44 UTC,https://github.com/blackironhack
105,abhishekvyas8,https://blackironhack-36-2016.herokuapp.com,2016-09-25 20:28:10 UTC,2016-09-25 20:28:10 UTC,https://github.com/blackironhack
104,jmieczni,https://blackironhack-35-2016.herokuapp.com,2016-09-25 20:27:44 UTC,2016-09-25 20:27:44 UTC,https://github.com/blackironhack
103,nfala,https://blackironhack-34-2016.herokuapp.com,2016-09-25 20:27:21 UTC,2016-09-25 20:27:21 UTC,https://github.com/blackironhack
102,diyiliu,https://blackironhack-33-2016.herokuapp.com,2016-09-25 20:27:01 UTC,2016-09-25 20:27:01 UTC,https://github.com/blackironhack
101,egrunden,https://blackironhack-31-2016.herokuapp.com,2016-09-25 20:26:39 UTC,2016-09-25 20:26:39 UTC,https://github.com/blackironhack
100,karlybirdkarly,https://blackironhack-30-2016.herokuapp.com,2016-09-25 20:26:17 UTC,2016-09-25 20:26:17 UTC,https://github.com/blackironhack
99,archidana,https://blackironhack-29-2016.herokuapp.com,2016-09-25 20:25:50 UTC,2016-09-25 20:25:50 UTC,https://github.com/blackironhack
98,yeonseokkim,https://blackironhack-28-2016.herokuapp.com,2016-09-25 20:25:26 UTC,2016-09-25 20:25:26 UTC,https://github.com/blackironhack
97,samuel ,https://blackironhack-27-2016.herokuapp.com,2016-09-25 20:24:57 UTC,2016-09-25 20:24:57 UTC,https://github.com/blackironhack
96,tonykim89,https://blackironhack-26-2016.herokuapp.com,2016-09-25 20:23:57 UTC,2016-09-25 20:23:57 UTC,https://github.com/blackironhack
95,patel445,https://blackironhack-25-2016.herokuapp.com,2016-09-25 20:23:24 UTC,2016-09-25 20:23:24 UTC,https://github.com/blackironhack
94,seohwan,https://blackironhack-24-herokuapp.com,2016-09-25 17:16:30 UTC,2016-09-25 17:16:30 UTC,https://github.com/blackironhack
93,dbsrhksdnd,https://blackironhack-22-2016.herokuapp.com,2016-09-25 17:09:17 UTC,2016-09-25 17:09:17 UTC,https://github.com/blackironhack
92,leecatino (no judging required),https://blackironhack-21-2016.herokuapp.com,2016-09-25 17:08:41 UTC,2016-10-01 15:03:59 UTC,https://github.com/blackironhack
91,dtanna,https://blackironhack-20-2016.herokuapp.com,2016-09-25 17:04:02 UTC,2016-09-25 17:04:02 UTC,https://github.com/blackironhack
90,bahaagit,https://blackironhack-19-2016.herokuapp.com,2016-09-25 17:02:21 UTC,2016-09-25 17:02:21 UTC,https://github.com/blackironhack
89,tarangkhanna,https://blackironhack-19-2016.herokuapp.com,2016-09-25 16:54:12 UTC,2016-09-25 16:54:12 UTC,https://github.com/blackironhack
88,zhan1258,https://blackironhack-18-2016.herokuapp.com,2016-09-25 16:52:57 UTC,2016-09-25 16:52:57 UTC,https://github.com/blackironhack 
87,gkswpgus1,https://blackironhack-17-2016.herokuapp.com,2016-09-25 16:50:21 UTC,2016-09-25 16:50:21 UTC,https://github.com/blacironhack 
86,min29,https://blackironhack-16-2016.herokuapp.com,2016-09-25 16:45:37 UTC,2016-09-25 16:45:37 UTC,https://github.com/blackironhack 
85,wsanche,https://blackironhack-15-2016.herokuapp.com,2016-09-25 16:41:34 UTC,2016-09-25 16:41:34 UTC,https://github.com/blackironhack
82,drewtk ,http://blackironhack-12-2016.herokuapp.com,2016-09-25 04:41:29 UTC,2016-10-01 15:11:59 UTC,https://github.com/RCODI/blackironhack-phase1/blob/master/l
80,cg505,http://blackironhack-9-2016.herokuapp.com,2016-09-25 04:30:07 UTC,2016-10-01 15:11:32 UTC,https://github.com/RCODI/blackironhack-phase1/blob/master/j
74,kathy789,http://blackironhack-2-2016.herokuapp.com,2016-09-25 03:59:19 UTC,2016-10-01 15:13:08 UTC,https://github.com/RCODI/blackironhack-phase1/blob/master/c
73,morinn,http://blackironhack-3-2016.herokuapp.com,2016-09-25 03:57:10 UTC,2016-10-01 15:13:23 UTC,https://github.com/RCODI/blackironhack-phase1/blob/master/d
72,Danzheng,http://blackironhack-11-2016.herokuapp.com,2016-09-25 03:43:48 UTC,2016-10-01 15:13:36 UTC,https://github.com/RCODI/blackironhack-phase1/blob/master/b
70,sauravn,http://blackironhack-1-2016.herokuapp.com,2016-09-24 01:39:24 UTC,2016-10-01 15:13:53 UTC,https://github.com/RCODI/blackironhack-phase1/blob/master/a
69,marti763,http://goldironhack-marti763-2016.herokuapp.com,2016-09-19 01:00:35 UTC,2016-09-29 23:19:07 UTC,https://github.com/goldironhack/2016goldironhack-marti763/blob/master/README.md
68,corpsefact,http://goldironhack-corpsefact-2016.herokuapp.com,2016-09-19 00:57:36 UTC,2016-09-29 23:19:26 UTC,https://github.com/goldironhack/2016goldironhack-corpsefact/blob/master/README.md
67,andrewjst,http://goldironhack-andrewjst-2016.herokuapp.com,2016-09-19 00:56:05 UTC,2016-09-29 23:19:44 UTC,https://github.com/goldironhack/2016goldironhack-andrewjst/blob/master/README.md
66,yifeitai,http://goldironhack-yifeitai-2016.herokuapp.com,2016-09-19 00:53:16 UTC,2016-09-29 23:20:02 UTC,https://github.com/goldironhack/2016goldironhack-yifeitai
65,hutchin5,http://goldironhack-hutchin5-2016.herokuapp.com,2016-09-19 00:51:17 UTC,2016-09-29 23:20:24 UTC,https://github.com/goldironhack/2016goldironhack-hutchin5/blob/master/README.md
64,zhan1046,http://goldironhack-zhan1046-2016.herokuapp.com,2016-09-19 00:47:51 UTC,2016-09-29 23:20:46 UTC,https://github.com/goldironhack/2016goldironhack-zhan1046/blob/master/README.txt
63,michaelredding,http://goldhack-michealredding-2016.herokuapp.com,2016-09-19 00:45:48 UTC,2016-09-29 23:21:29 UTC,https://github.com/goldironhack/2016goldironhack-michaelredding/blob/master/README.md
62,tang227,http://goldironhack-tang227-2016.herokuapp.com,2016-09-19 00:41:17 UTC,2016-09-29 23:22:00 UTC,https://github.com/goldironhack/2016goldironhack-tang227/blob/master/README.md
61,gardne16,http://goldironhack-gardne16-2016.herokuapp.com,2016-09-19 00:38:36 UTC,2016-09-29 23:23:17 UTC,https://github.com/goldironhack/2016goldironhack-gardne16/blob/master/Phase1README.md
60,owen9211,http://goldironhack-owen9211-2016.herokuapp.com,2016-09-19 00:35:45 UTC,2016-09-29 23:23:37 UTC,https://github.com/goldironhack/2016goldironhack-owen9211
59,ditton,http://goldironhack-ditton-2016.herokuapp.com,2016-09-19 00:33:37 UTC,2016-09-29 23:18:52 UTC,https://github.com/goldironhack/2016goldironhack-ditton/commit/082a5715d3519b5552f0a7978a0e98c8c8245491
58,ravengao,http://goldironhack-ravengao-2016.herokuapp.com,2016-09-19 00:30:14 UTC,2016-09-29 23:18:37 UTC,https://github.com/goldironhack/2016goldironhack-ravengao/blob/master/README.md
57,steven91,http://goldironhack-steven91-2016.herokuapp.com,2016-09-19 00:28:47 UTC,2016-09-29 23:18:20 UTC,https://github.com/goldironhack/2016goldironhack-steven91/blob/master/README.md.docx
56,zhao719,http://goldironhack-zhao719-2016.herokuapp.com,2016-09-19 00:26:30 UTC,2016-09-29 23:17:49 UTC,https://github.com/goldironhack/2016goldironhack-zhao719/blob/master/README.md
55,yunhan,http://goldironhack-yunhan-2016.herokuapp.com,2016-09-19 00:24:02 UTC,2016-09-29 23:17:22 UTC,https://github.com/goldironhack/2016goldironhack-yunhan/blob/master/README.md
54,bfellur,http://goldironhack-bfellur-2016.herokuapp.com,2016-09-19 00:20:32 UTC,2016-09-29 23:17:06 UTC,https://github.com/goldironhack/2016goldironhack-bfellur/blob/master/README.md
53,yexin,http://goldironhack-yexin-2016.herokuapp.com,2016-09-19 00:09:12 UTC,2016-09-29 23:16:46 UTC,https://github.com/goldironhack/2016goldironhack-yexin/blob/master/README.md
52,lindunhe,http://goldironhack-lindunhe-2016.herokuapp.com,2016-09-19 00:02:31 UTC,2016-09-29 23:16:26 UTC,https://github.com/goldironhack/2016goldironhack-lindunhe/blob/master/README.md
51,zhan2709,http://goldironhack-zhan2709-2016.herokuapp.com,2016-09-19 00:00:24 UTC,2016-09-29 23:16:08 UTC,https://github.com/goldironhack/2016goldironhack-zhan2709/blob/master/README.md
50,jwbalazs,http://goldironhack-jwbalazs-2016.herokuapp.com,2016-09-18 23:58:17 UTC,2016-09-29 23:15:49 UTC,https://github.com/goldironhack/2016goldironhack-jwbalazs/blob/master/JWB%20-%20Submission%201%20-%20README.md
49,gillism ,http://goldironhack-gillism-2016.herokuapp.com,2016-09-18 23:56:41 UTC,2016-09-29 23:15:27 UTC,https://github.com/goldironhack/2016goldironhack-gillism/blob/master/ProjectTrainWreckReadme.txt
48,aorme,http://goldironhack-aorme-2016.herokuapp.com,2016-09-18 23:53:48 UTC,2016-09-29 23:15:09 UTC,https://github.com/goldironhack/2016goldironhack-aorme
47,mingchucong,http://goldironhack-mingchucong-2016.herokuapp.com,2016-09-18 18:23:05 UTC,2016-09-29 23:14:48 UTC,https://github.com/goldironhack/2016goldironhack-mingchucong/blob/master/README.md
46,vtung,http://goldironhack-vtung-2016.herokuapp.com,2016-09-18 18:20:19 UTC,2016-09-29 23:14:33 UTC,https://github.com/goldironhack/2016goldironhack-vtung/blob/master/README.md
45,zhe1994,http://goldironhack-zhe1994-2016.herokuapp.com,2016-09-18 18:17:15 UTC,2016-09-29 23:14:20 UTC,https://github.com/goldironhack/2016goldironhack-zhe1994/blob/master/README.md
44,beichhor ,http://goldironhack-beichhor-2016.herokuapp.com,2016-09-18 18:15:36 UTC,2016-09-29 23:14:07 UTC,https://github.com/goldironhack/2016goldironhack-beichhor/blob/master/README.md
43,ssandeep ,http://goldironhack-ssandeep-2016.herokuapp.com,2016-09-18 18:13:37 UTC,2016-09-29 23:13:45 UTC,https://github.com/goldironhack/2016goldironhack-ssandeep/blob/master/ReadMe.md
42,Miranda Lung ,http://goldironhack-mlung-2016.herokuapp.com,2016-09-18 18:07:11 UTC,2016-09-29 23:13:29 UTC,https://github.com/goldironhack/2016goldironhack-mlung/blob/master/README.md
41,wenjiewu,http://goldironhack-wenjiewu-2016.herokuapp.com,2016-09-18 18:03:21 UTC,2016-09-29 23:13:14 UTC,https://github.com/goldironhack/2016goldironhack-wenjiewu/blob/master/README.md
40,Mingran Li ,http://goldironhack-mingranli-2016.herokuapp.com,2016-09-18 17:49:10 UTC,2016-09-29 23:12:37 UTC,https://github.com/goldironhack/2016goldironhack-mingranli/blob/master/README.md_Phase1
39,Xingyu Peng,http://goldironhack-peng115-2016.herokuapp.com,2016-09-18 17:38:30 UTC,2016-09-29 23:12:08 UTC,https://github.com/goldironhack/2016goldironhack-peng115/blob/master/README.md
